{"chunk_definitions":[{"row":16,"row_count":1,"visible":true,"expansion_state":0,"options":{"engine":"r","label":"setup","include":false},"document_id":"4DB1B82C","chunk_id":"csetup_chunk","chunk_label":"setup"},{"row":34,"row_count":1,"visible":true,"expansion_state":0,"options":{"engine":"r","echo":false,"warning":false,"message":false,"label":"unnamed-chunk-12"},"document_id":"4DB1B82C","chunk_id":"cs90gzdr7hvyc","chunk_label":"unnamed-chunk-1"},{"row":113,"row_count":1,"visible":true,"expansion_state":0,"options":{"engine":"r","echo":false,"eval":true,"warning":false,"error":false,"label":"unnamed-chunk-6"},"document_id":"4DB1B82C","chunk_id":"cwkx36sf7u67o","chunk_label":"unnamed-chunk-3"}],"doc_write_time":1684720183,"working_dir":null,"default_chunk_options":{}}