{"chunk_definitions":[{"row":16,"row_count":1,"visible":true,"expansion_state":0,"options":{"engine":"r","label":"setup","include":false},"document_id":"4DB1B82C","chunk_id":"csetup_chunk","chunk_label":"setup"},{"row":28,"row_count":1,"visible":true,"expansion_state":0,"options":{},"document_id":"4DB1B82C","chunk_id":"cqkuzt0oq7cu8","chunk_label":"unnamed-chunk-1"},{"row":102,"row_count":1,"visible":true,"expansion_state":0,"options":{},"document_id":"4DB1B82C","chunk_id":"c3yx0amcfem0z","chunk_label":"unnamed-chunk-3"},{"row":113,"row_count":1,"visible":true,"expansion_state":0,"options":{"engine":"r","eval":false,"tidy":false,"label":"unnamed-chunk-1"},"document_id":"4DB1B82C","chunk_id":"ctg1sbfo37ov3","chunk_label":"unnamed-chunk-4"}],"doc_write_time":1684714584}